,Posted,Price,Pictures,Type,Location,Sq. Ft.,Beds,Baths,Link
0,2 hours ,40 Thousand,10,Flat,"E-11, Islamabad",750,1,1,https://www.prop.pk/property/details-19409443.html
1,2 hours ,35 Thousand,15,Flat,"E-11, Islamabad","1,200",3,3,https://www.prop.pk/property/details-13944479.html
2,2 hours ,26 Thousand,9,Flat,"E-11, Islamabad",750,1,1,https://www.prop.pk/property/details-13944627.html
3,2 hours ,36 Thousand,6,Flat,"E-11, Islamabad",750,1,1,https://www.prop.pk/property/details-20821356.html
4,2 hours ,35 Thousand,9,Flat,"E-11, Islamabad",900,2,2,https://www.prop.pk/property/details-21400577.html
5,2 hours ,35 Thousand,9,Flat,"E-11, Islamabad",750,1,1,https://www.prop.pk/property/details-21419842.html
6,1 day ,40 Thousand,13,Flat,"E-11/2, E-11",550,1,1,https://www.prop.pk/property/details-19411926.html
7,1 day ,38 Thousand,11,Flat,"E-11, Islamabad",600,1,,https://www.prop.pk/property/details-20104870.html
8,1 day ,60 Thousand,20,Flat,"E-11, Islamabad","1,050",2,2,https://www.prop.pk/property/details-19732579.html
9,1 day ,65 Thousand,4,Flat,"E-11, Islamabad","1,250",2,2,https://www.prop.pk/property/details-22059299.html
10,1 day ,55 Thousand,17,Flat,"E-11/4, E-11","1,900",3,3,https://www.prop.pk/property/details-20840410.html
11,1 day ,35 Thousand,7,Flat,"E-11, Islamabad",550,1,1,https://www.prop.pk/property/details-20324559.html
12,1 day ,65 Thousand,20,Flat,"E-11, Islamabad","1,280",2,,https://www.prop.pk/property/details-21224797.html
13,1 day ,1.15 Lakh,20,Flat,"E-11/4, E-11","2,000",3,3,https://www.prop.pk/property/details-22632979.html
14,1 day ,55 Thousand,16,Flat,"E-11, Islamabad","1,340",3,3,https://www.prop.pk/property/details-19662785.html
15,1 day ,65 Thousand,17,Flat,"E-11, Islamabad","1,050",2,2,https://www.prop.pk/property/details-18797354.html
16,1 day ,30 Thousand,10,Flat,"E-11, Islamabad","1,250",2,2,https://www.prop.pk/property/details-10660735.html
17,2 days ,70 Thousand,7,Flat,"E-11, Islamabad","2,500",3,1,https://www.prop.pk/property/details-20247957.html
18,2 days ,45 Thousand,17,Flat,"Apollo Towers, E-11/4",250,1,1,https://www.prop.pk/property/details-22721345.html
19,3 days ,45 Thousand,9,Flat,"E-11, Islamabad","1,250",2,2,https://www.prop.pk/property/details-20801160.html
20,3 days ,35 Thousand,4,Flat,"E-11, Islamabad","1,000",2,2,https://www.prop.pk/property/details-21114268.html
21,3 days ,55 Thousand,5,Flat,"Abdullah Heights, E-11/4","1,100",3,3,https://www.prop.pk/property/details-22717060.html
22,3 days ,35 Thousand,10,Flat,"E-11/2, E-11",550,1,1,https://www.prop.pk/property/details-22714929.html
23,3 days ,46 Thousand,9,Flat,"E-11, Islamabad",900,2,2,https://www.prop.pk/property/details-20951939.html
24,3 days ,55 Thousand,19,Flat,"E-11, Islamabad","1,300",2,2,https://www.prop.pk/property/details-22113207.html
25,3 days ,38 Thousand,9,Flat,"E-11, Islamabad",900,2,2,https://www.prop.pk/property/details-22443504.html
26,3 days ,33 Thousand,5,Flat,"E-11/2, E-11",900,2,2,https://www.prop.pk/property/details-18293864.html
27,4 days ,22 Thousand,1,Flat,"E-11, Islamabad",400,1,1,https://www.prop.pk/property/details-22709132.html
28,4 days ,35 Thousand,4,Flat,"E-11, Islamabad",500,1,1,https://www.prop.pk/property/details-22709094.html
29,4 days ,35 Thousand,17,Flat,"Khudadad Heights, E-11/4","2,250",2,2,https://www.prop.pk/property/details-22707146.html
30,4 days ,32 Thousand,1,Flat,"FECHS, E-11/2",850,2,1,https://www.prop.pk/property/details-22705151.html
31,4 days ,40 Thousand,1,Flat,"FECHS, E-11/2","1,150",3,3,https://www.prop.pk/property/details-22705070.html
32,4 days ,30 Thousand,6,Flat,"Khudadad Heights, E-11/4","1,000",2,2,https://www.prop.pk/property/details-22640762.html
33,4 days ,35 Thousand,15,Flat,"E-11/2, E-11",650,1,1,https://www.prop.pk/property/details-19396510.html
34,4 days ,66 Thousand,11,Flat,"E-11, Islamabad","2,200",3,3,https://www.prop.pk/property/details-20835487.html
35,4 days ,80 Thousand,29,Flat,"E-11, Islamabad","2,600",4,4,https://www.prop.pk/property/details-21334899.html
36,4 days ,45 Thousand,15,Flat,"E-11, Islamabad","1,200",2,2,https://www.prop.pk/property/details-21334854.html
37,4 days ,40 Thousand,13,Flat,"E-11/2, E-11",600,1,1,https://www.prop.pk/property/details-21024453.html
38,5 days ,38 Thousand,17,Flat,"E-11, Islamabad","1,500",3,3,https://www.prop.pk/property/details-22308581.html
39,5 days ,38 Thousand,10,Flat,"E-11, Islamabad",850,2,2,https://www.prop.pk/property/details-22699525.html
40,5 days ,20 Thousand,5,Flat,"E-11, Islamabad",800,1,1,https://www.prop.pk/property/details-22699412.html
41,5 days ,26 Thousand,4,Flat,"E-11, Islamabad","1,100",2,2,https://www.prop.pk/property/details-22699350.html
42,5 days ,55 Thousand,12,Flat,"E-11, Islamabad","1,050",2,2,https://www.prop.pk/property/details-20149524.html
43,5 days ,55 Thousand,7,Flat,"E-11/4, E-11","1,600",3,3,https://www.prop.pk/property/details-20905792.html
44,5 days ,50 Thousand,15,Flat,"E-11, Islamabad","1,500",3,3,https://www.prop.pk/property/details-20517037.html
45,5 days ,65 Thousand,9,Flat,"E-11, Islamabad","1,250",2,2,https://www.prop.pk/property/details-22213591.html
46,5 days ,65 Thousand,20,Flat,"E-11, Islamabad","1,250",2,2,https://www.prop.pk/property/details-20104963.html
47,5 days ,55 Thousand,9,Flat,"E-11, Islamabad","1,600",2,2,https://www.prop.pk/property/details-21334940.html
48,5 days ,45 Thousand,16,Flat,"E-11/4, E-11","1,200",2,2,https://www.prop.pk/property/details-20906182.html
49,5 days ,55 Thousand,16,Flat,"E-11/4, E-11","1,500",3,3,https://www.prop.pk/property/details-20906204.html
50,5 days ,40 Thousand,12,Flat,"E-11, Islamabad","1,050",2,2,https://www.prop.pk/property/details-20899585.html
51,5 days ,38 Thousand,15,Flat,"E-11, Islamabad",600,1,1,https://www.prop.pk/property/details-20294859.html
52,6 days ,20 Thousand,5,Flat,"E-11, Islamabad",350,1,1,https://www.prop.pk/property/details-22502586.html
53,6 days ,45 Thousand,7,Flat,"E-11/4, E-11","1,400",3,3,https://www.prop.pk/property/details-22111668.html
54,6 days ,33 Thousand,14,Flat,"E-11/2, E-11",450,1,1,https://www.prop.pk/property/details-22136978.html
55,6 days ,35 Thousand,15,Flat,"E-11/2, E-11",450,1,1,https://www.prop.pk/property/details-22137071.html
56,6 days ,40 Thousand,11,Flat,"E-11/4, E-11","1,500",3,3,https://www.prop.pk/property/details-22137203.html
57,6 days ,35 Thousand,8,Flat,"E-11/2, E-11","1,000",2,2,https://www.prop.pk/property/details-22137428.html
58,6 days ,32 Thousand,14,Flat,"E-11/2, E-11",900,2,2,https://www.prop.pk/property/details-22144742.html
59,6 days ,23 Thousand,12,Flat,"E-11/1, E-11",450,1,1,https://www.prop.pk/property/details-22146029.html
60,6 days ,35 Thousand,13,Flat,"E-11/4, E-11","1,200",2,2,https://www.prop.pk/property/details-22152554.html
61,6 days ,50 Thousand,20,Flat,"E-11/4, E-11","1,500",2,2,https://www.prop.pk/property/details-22154825.html
62,6 days ,50 Thousand,19,Flat,"E-11/4, E-11","1,200",2,2,https://www.prop.pk/property/details-22170862.html
63,6 days ,47 Thousand,15,Flat,"E-11, Islamabad","1,300",2,2,https://www.prop.pk/property/details-22490111.html
64,6 days ,45 Thousand,9,Flat,"E-11, Islamabad",750,1,1,https://www.prop.pk/property/details-22490225.html
65,6 days ,25 Thousand,6,Flat,"E-11, Islamabad",650,1,1,https://www.prop.pk/property/details-22490292.html
66,6 days ,25 Thousand,9,Flat,"E-11, Islamabad",650,1,1,https://www.prop.pk/property/details-22490343.html
67,6 days ,38 Thousand,17,Flat,"E-11, Islamabad",550,1,1,https://www.prop.pk/property/details-22490438.html
68,6 days ,38 Thousand,16,Flat,"E-11, Islamabad",650,1,1,https://www.prop.pk/property/details-22490626.html
69,6 days ,35 Thousand,7,Flat,"E-11, Islamabad","1,250",2,2,https://www.prop.pk/property/details-22490772.html
70,6 days ,45 Thousand,10,Flat,"E-11, Islamabad","2,200",3,3,https://www.prop.pk/property/details-22501677.html
71,6 days ,45 Thousand,7,Flat,"E-11, Islamabad","1,800",3,3,https://www.prop.pk/property/details-22502166.html
72,6 days ,28 Thousand,4,Flat,"E-11/2, E-11",300,,,https://www.prop.pk/property/details-22088514.html
73,6 days ,27 Thousand,1,Flat,"E-11, Islamabad","1,000",2,2,https://www.prop.pk/property/details-22682920.html
74,6 days ,20 Thousand,5,Flat,"E-11, Islamabad",300,1,1,https://www.prop.pk/property/details-21343928.html
75,6 days ,25 Thousand,6,Flat,"E-11, Islamabad",500,1,1,https://www.prop.pk/property/details-21343831.html
76,7 days ,60 Thousand,18,Flat,"MPCHS - Islamabad Garden, E-11/1","1,850",3,4,https://www.prop.pk/property/details-20574274.html
77,7 days ,34 Thousand,9,Flat,"E-11, Islamabad",550,1,1,https://www.prop.pk/property/details-21073202.html
78,7 days ,45 Thousand,5,Flat,"E-11, Islamabad","1,250",2,2,https://www.prop.pk/property/details-20956246.html
79,7 days ,32 Thousand,4,Flat,"E-11, Islamabad",550,1,1,https://www.prop.pk/property/details-20773685.html
80,7 days ,50 Thousand,2,Flat,"E-11, Islamabad","1,250",2,2,https://www.prop.pk/property/details-20956238.html
81,7 days ,65 Thousand,11,Flat,"E-11, Islamabad","1,900",3,3,https://www.prop.pk/property/details-20709560.html
82,7 days ,33 Thousand,4,Flat,"E-11, Islamabad",550,1,1,https://www.prop.pk/property/details-20628828.html
83,7 days ,35 Thousand,5,Flat,"E-11, Islamabad",550,1,1,https://www.prop.pk/property/details-20699158.html
84,7 days ,50 Thousand,8,Flat,"E-11, Islamabad",900,2,2,https://www.prop.pk/property/details-20674917.html
85,7 days ,45 Thousand,19,Flat,"E-11, Islamabad","1,250",2,2,https://www.prop.pk/property/details-20709551.html
86,7 days ,50 Thousand,12,Flat,"E-11, Islamabad","1,250",2,2,https://www.prop.pk/property/details-20709548.html
87,7 days ,45 Thousand,9,Flat,"E-11, Islamabad",750,2,2,https://www.prop.pk/property/details-20709549.html
88,7 days ,75 Thousand,7,Flat,"E-11, Islamabad","1,500",3,3,https://www.prop.pk/property/details-20709552.html
89,7 days ,33 Thousand,4,Flat,"E-11, Islamabad",550,1,1,https://www.prop.pk/property/details-20549676.html
90,7 days ,32 Thousand,3,Flat,"E-11, Islamabad",450,1,1,https://www.prop.pk/property/details-20027024.html
91,7 days ,33 Thousand,6,Flat,"E-11, Islamabad",600,1,1,https://www.prop.pk/property/details-20298101.html
92,1 week ,85 Thousand,6,Flat,"Margalla Hills-2, E-11","3,000",4,4,https://www.prop.pk/property/details-22643967.html
93,1 week ,35 Thousand,5,Flat,"E-11, Islamabad",900,2,2,https://www.prop.pk/property/details-21351287.html
94,1 week ,45 Thousand,5,Flat,"E-11, Islamabad",900,3,3,https://www.prop.pk/property/details-21351286.html
95,1 week ,55 Thousand,5,Flat,"E-11, Islamabad",900,2,2,https://www.prop.pk/property/details-21351283.html
96,1 week ,35 Thousand,5,Flat,"E-11, Islamabad",650,1,1,https://www.prop.pk/property/details-21351281.html
97,1 week ,25 Thousand,5,Flat,"E-11, Islamabad",650,1,1,https://www.prop.pk/property/details-21351277.html
98,1 week ,25 Thousand,6,Flat,"E-11, Islamabad",650,1,1,https://www.prop.pk/property/details-20179362.html
99,1 week ,50 Thousand,6,Flat,"E-11, Islamabad",800,2,2,https://www.prop.pk/property/details-20179306.html
100,1 week ,35 Thousand,6,Flat,"E-11, Islamabad",600,1,1,https://www.prop.pk/property/details-20179298.html
101,1 week ,45 Thousand,5,Flat,"E-11, Islamabad","1,100",3,3,https://www.prop.pk/property/details-20179305.html
102,1 week ,50 Thousand,6,Flat,"E-11, Islamabad",800,2,2,https://www.prop.pk/property/details-20179306.html
103,1 week ,90 Thousand,27,Flat,"E-11, Islamabad","2,800",4,5,https://www.prop.pk/property/details-22632153.html
104,1 week ,33 Thousand,6,Flat,"E-11/3, E-11",900,2,2,https://www.prop.pk/property/details-22614119.html
105,1 week ,48 Thousand,16,Flat,"E-11, Islamabad","1,200",2,2,https://www.prop.pk/property/details-16780196.html
106,1 week ,50 Thousand,2,Flat,"E-11, Islamabad","2,300",3,3,https://www.prop.pk/property/details-22641196.html
107,1 week ,33 Thousand,9,Flat,"E-11/2, E-11",950,2,2,https://www.prop.pk/property/details-16413322.html
108,1 week ,60 Thousand,16,Flat,"E-11/1, E-11","1,850",3,4,https://www.prop.pk/property/details-22463193.html
109,1 week ,80 Thousand,10,Flat,"E-11/2, E-11","2,200",3,3,https://www.prop.pk/property/details-22630003.html
110,1 week ,20 Thousand,3,Flat,"E-11/2, E-11",500,1,1,https://www.prop.pk/property/details-22629969.html
111,1 week ,32 Thousand,8,Flat,"E-11/2, E-11",600,2,2,https://www.prop.pk/property/details-22629849.html
112,1 week ,35 Thousand,8,Flat,"E-11, Islamabad",750,2,2,https://www.prop.pk/property/details-22303356.html
113,1 week ,50 Thousand,14,Flat,"E-11, Islamabad","1,560",2,2,https://www.prop.pk/property/details-22315645.html
114,1 week ,60 Thousand,20,Flat,"E-11, Islamabad","1,600",2,2,https://www.prop.pk/property/details-22315599.html
115,1 week ,35 Thousand,8,Flat,"E-11, Islamabad",750,2,2,https://www.prop.pk/property/details-22064027.html
116,1 week ,35 Thousand,8,Flat,"E-11, Islamabad",700,2,2,https://www.prop.pk/property/details-22064105.html
117,1 week ,35 Thousand,15,Flat,"E-11, Islamabad",700,1,1,https://www.prop.pk/property/details-22058046.html
118,1 week ,66 Thousand,6,Flat,"E-11/1, E-11","1,900",3,3,https://www.prop.pk/property/details-20906078.html
119,1 week ,25 Thousand,10,Flat,"E-11, Islamabad",550,1,1,https://www.prop.pk/property/details-22627245.html
120,1 week ,75 Thousand,28,Flat,"E-11, Islamabad","3,500",3,3,https://www.prop.pk/property/details-22170965.html
121,1 week ,55 Thousand,13,Flat,"E-11/4, E-11","1,500",2,2,https://www.prop.pk/property/details-22548517.html
122,1 week ,80 Thousand,17,Flat,"E-11, Islamabad","2,850",4,4,https://www.prop.pk/property/details-22625774.html
123,1 week ,35 Thousand,7,Flat,"E-11, Islamabad",750,1,1,https://www.prop.pk/property/details-21720176.html
124,1 week ,22 Thousand,5,Flat,"E-11, Islamabad",600,1,1,https://www.prop.pk/property/details-21479604.html
125,1 week ,13 Thousand,3,Flat,"E-11, Islamabad",355,,1,https://www.prop.pk/property/details-22625473.html
126,1 week ,32 Thousand,7,Flat,"E-11, Islamabad",850,2,2,https://www.prop.pk/property/details-22624910.html
127,1 week ,1.15 Lakh,15,Flat,"E-11, Islamabad","2,050",3,3,https://www.prop.pk/property/details-21466865.html
128,1 week ,70 Thousand,8,Flat,"E-11, Islamabad","1,700",2,2,https://www.prop.pk/property/details-21996564.html
129,1 week ,1.15 Lakh,14,Flat,"E-11, Islamabad","2,250",3,4,https://www.prop.pk/property/details-21996510.html
130,1 week ,60 Thousand,12,Flat,"E-11, Islamabad","2,150",3,4,https://www.prop.pk/property/details-21996523.html
131,1 week ,95 Thousand,10,Flat,"E-11, Islamabad","1,800",3,3,https://www.prop.pk/property/details-22230660.html
132,1 week ,40 Thousand,3,Flat,"E-11/3, E-11",900,2,2,https://www.prop.pk/property/details-21708509.html
133,1 week ,45 Thousand,11,Flat,"E-11, Islamabad","1,700",3,3,https://www.prop.pk/property/details-21715949.html
134,1 week ,30 Thousand,5,Flat,"E-11/3, E-11",900,2,2,https://www.prop.pk/property/details-21502816.html
135,1 week ,55 Thousand,8,Flat,"E-11, Islamabad","1,700",3,3,https://www.prop.pk/property/details-21744130.html
136,1 week ,55 Thousand,7,Flat,"E-11, Islamabad","1,700",3,3,https://www.prop.pk/property/details-21502994.html
137,1 week ,30 Thousand,6,Flat,"E-11, Islamabad",800,2,2,https://www.prop.pk/property/details-22620116.html
138,1 week ,36 Thousand,7,Flat,"E-11/2, E-11",700,2,2,https://www.prop.pk/property/details-22577395.html
139,1 week ,26 Thousand,5,Flat,"E-11/2, E-11",700,2,2,https://www.prop.pk/property/details-22577432.html
140,1 week ,50 Thousand,7,Flat,"E-11/4, E-11","1,200",2,2,https://www.prop.pk/property/details-22463377.html
141,1 week ,40 Thousand,19,Flat,"E-11, Islamabad",950,1,1,https://www.prop.pk/property/details-22615736.html
142,1 week ,50 Thousand,16,Flat,"E-11, Islamabad",850,2,2,https://www.prop.pk/property/details-22174827.html
143,1 week ,22 Thousand,5,Flat,"E-11, Islamabad",500,1,1,https://www.prop.pk/property/details-22615406.html
144,1 week ,25 Thousand,6,Flat,"E-11, Islamabad",500,1,1,https://www.prop.pk/property/details-22615403.html
145,1 week ,35 Thousand,8,Flat,"E-11, Islamabad",450,1,1,https://www.prop.pk/property/details-19307959.html
146,1 week ,40 Thousand,13,Flat,"E-11/4, E-11","1,250",2,2,https://www.prop.pk/property/details-16533587.html
147,1 week ,33 Thousand,6,Flat,"E-11/2, E-11",450,1,1,https://www.prop.pk/property/details-16413160.html
148,1 week ,45 Thousand,9,Flat,"E-11, Islamabad",900,2,2,https://www.prop.pk/property/details-19321680.html
149,1 week ,30 Thousand,6,Flat,"E-11, Islamabad",600,1,1,https://www.prop.pk/property/details-20167364.html
150,1 week ,33 Thousand,7,Flat,"E-11, Islamabad",550,1,1,https://www.prop.pk/property/details-20422448.html
151,1 week ,32 Thousand,19,Flat,"E-11, Islamabad",600,1,1,https://www.prop.pk/property/details-19833369.html
152,1 week ,32 Thousand,10,Flat,"E-11, Islamabad",550,1,1,https://www.prop.pk/property/details-19590253.html
153,1 week ,33 Thousand,8,Flat,"E-11, Islamabad",900,2,2,https://www.prop.pk/property/details-19467190.html
154,1 week ,50 Thousand,11,Flat,"E-11, Islamabad","1,200",2,2,https://www.prop.pk/property/details-20486064.html
155,1 week ,33 Thousand,7,Flat,"E-11, Islamabad",950,2,2,https://www.prop.pk/property/details-20584596.html
156,1 week ,47 Thousand,17,Flat,"E-11, Islamabad","1,150",2,2,https://www.prop.pk/property/details-20689383.html
157,1 week ,32 Thousand,8,Flat,"E-11, Islamabad",550,1,1,https://www.prop.pk/property/details-20737209.html
158,1 week ,23 Thousand,6,Flat,"E-11, Islamabad",550,1,1,https://www.prop.pk/property/details-20968246.html
159,1 week ,33 Thousand,7,Flat,"E-11, Islamabad","1,100",2,2,https://www.prop.pk/property/details-21125313.html
160,1 week ,36 Thousand,7,Flat,"E-11, Islamabad","1,150",2,2,https://www.prop.pk/property/details-21138793.html
161,1 week ,30 Thousand,6,Flat,"E-11, Islamabad",550,1,1,https://www.prop.pk/property/details-21508271.html
162,1 week ,30 Thousand,8,Flat,"E-11, Islamabad","1,200",1,1,https://www.prop.pk/property/details-16780347.html
163,1 week ,33 Thousand,5,Flat,"E-11, Islamabad",900,2,2,https://www.prop.pk/property/details-22612400.html
164,1 week ,45 Thousand,17,Flat,"E-11/2, E-11",750,2,2,https://www.prop.pk/property/details-20578674.html
165,1 week ,28 Thousand,5,Flat,"E-11/2, E-11",750,2,2,https://www.prop.pk/property/details-20249431.html
166,1 week ,30 Thousand,11,Flat,"E-11/2, E-11",750,2,2,https://www.prop.pk/property/details-20510263.html
167,1 week ,32 Thousand,10,Flat,"E-11/2, E-11",750,2,2,https://www.prop.pk/property/details-19127554.html
168,1 week ,45 Thousand,14,Flat,"E-11, Islamabad","1,500",3,3,https://www.prop.pk/property/details-22594373.html
169,1 week ,30 Thousand,9,Flat,"E-11, Islamabad","1,500",3,3,https://www.prop.pk/property/details-22592259.html
170,1 week ,45 Thousand,14,Flat,"E-11, Islamabad","1,500",2,3,https://www.prop.pk/property/details-21450175.html
171,1 week ,60 Thousand,14,Flat,"Capital Residencia, Margalla Hills-2","1,700",3,3,https://www.prop.pk/property/details-21819203.html
172,1 week ,36 Thousand,12,Flat,"E-11, Islamabad",600,1,1,https://www.prop.pk/property/details-22588050.html
173,1 week ,35 Thousand,11,Flat,"E-11, Islamabad",750,2,2,https://www.prop.pk/property/details-22587916.html
174,1 week ,45 Thousand,11,Flat,"E-11, Islamabad","1,550",2,2,https://www.prop.pk/property/details-22581883.html
175,2 weeks ,65 Thousand,10,Flat,"E-11, Islamabad","1,250",2,2,https://www.prop.pk/property/details-22539131.html
176,2 weeks ,55 Thousand,8,Flat,"E-11, Islamabad","1,600",2,2,https://www.prop.pk/property/details-22539372.html
177,2 weeks ,28 Thousand,2,Flat,"E-11/3, E-11",800,2,2,https://www.prop.pk/property/details-22565080.html
178,2 weeks ,26 Thousand,8,Flat,"E-11, Islamabad",750,1,1,https://www.prop.pk/property/details-22560825.html
179,2 weeks ,50 Thousand,5,Flat,"Capital Residencia, Margalla Hills-2","1,400",2,2,https://www.prop.pk/property/details-22459127.html
180,2 weeks ,43 Thousand,8,Flat,"E-11, Islamabad",930,2,2,https://www.prop.pk/property/details-22558647.html
181,2 weeks ,45 Thousand,8,Flat,"E-11, Islamabad","1,200",2,2,https://www.prop.pk/property/details-22555294.html
182,2 weeks ,85 Thousand,16,Flat,"E-11, Islamabad","1,600",3,3,https://www.prop.pk/property/details-21459777.html
183,2 weeks ,60 Thousand,9,Flat,"E-11, Islamabad","1,900",3,3,https://www.prop.pk/property/details-21334878.html
184,2 weeks ,45 Thousand,11,Flat,"E-11, Islamabad","1,400",,5,https://www.prop.pk/property/details-21994905.html
185,2 weeks ,55 Thousand,7,Flat,"E-11, Islamabad","1,600",2,2,https://www.prop.pk/property/details-21828068.html
186,2 weeks ,65 Thousand,7,Flat,"E-11, Islamabad","1,900",3,3,https://www.prop.pk/property/details-21828076.html
187,2 weeks ,55 Thousand,8,Flat,"E-11, Islamabad","1,600",2,2,https://www.prop.pk/property/details-21305464.html
188,2 weeks ,65 Thousand,9,Flat,"E-11, Islamabad","1,900",3,3,https://www.prop.pk/property/details-21305449.html
189,2 weeks ,35 Thousand,7,Flat,"E-11/2, E-11",500,1,1,https://www.prop.pk/property/details-21375733.html
190,2 weeks ,70 Thousand,6,Flat,"E-11/1, E-11","1,900",3,3,https://www.prop.pk/property/details-20906036.html
191,2 weeks ,80 Thousand,6,Flat,"E-11/1, E-11","2,600",4,4,https://www.prop.pk/property/details-20906043.html
192,2 weeks ,55 Thousand,6,Flat,"E-11, Islamabad","1,600",2,2,https://www.prop.pk/property/details-20178276.html
193,2 weeks ,65 Thousand,7,Flat,"E-11, Islamabad","1,900",3,3,https://www.prop.pk/property/details-20178279.html
194,2 weeks ,80 Thousand,17,Flat,"E-11, Islamabad","1,750",3,3,https://www.prop.pk/property/details-22538476.html
195,2 weeks ,50 Thousand,1,Flat,"E-11, Islamabad",900,2,2,https://www.prop.pk/property/details-22535918.html
196,2 weeks ,70 Thousand,7,Flat,"E-11, Islamabad","1,400",2,2,https://www.prop.pk/property/details-22535587.html
197,2 weeks ,32 Thousand,7,Flat,"E-11, Islamabad","1,175",2,2,https://www.prop.pk/property/details-22534791.html
198,2 weeks ,43 Thousand,13,Flat,"E-11, Islamabad",900,2,2,https://www.prop.pk/property/details-21573368.html
199,2 weeks ,19 Thousand,6,Flat,"E-11/1, E-11",415,1,1,https://www.prop.pk/property/details-22533375.html
200,2 weeks ,55 Thousand,12,Flat,"E-11, Islamabad","1,200",2,2,https://www.prop.pk/property/details-22532480.html
201,2 weeks ,30 Thousand,7,Flat,"E-11, Islamabad",650,1,1,https://www.prop.pk/property/details-22527978.html
202,2 weeks ,62 Thousand,13,Flat,"E-11, Islamabad","1,250",2,,https://www.prop.pk/property/details-21273682.html
203,2 weeks ,50 Thousand,4,Flat,"E-11, Islamabad","1,400",3,3,https://www.prop.pk/property/details-21458861.html
204,2 weeks ,53 Thousand,10,Flat,"E-11, Islamabad","1,750",3,3,https://www.prop.pk/property/details-21591265.html
205,2 weeks ,45 Thousand,4,Flat,"E-11, Islamabad","1,300",2,2,https://www.prop.pk/property/details-22052035.html
206,2 weeks ,60 Thousand,5,Flat,"E-11, Islamabad","1,200",2,2,https://www.prop.pk/property/details-22063154.html
207,2 weeks ,45 Thousand,8,Flat,"E-11, Islamabad","1,250",2,2,https://www.prop.pk/property/details-22343186.html
208,2 weeks ,65 Thousand,8,Flat,"E-11/4, E-11",937,2,2,https://www.prop.pk/property/details-22380232.html
209,2 weeks ,60 Thousand,9,Flat,"E-11, Islamabad","1,250",2,2,https://www.prop.pk/property/details-22526076.html
210,2 weeks ,20 Thousand,2,Flat,"E-11, Islamabad",450,,,https://www.prop.pk/property/details-20981197.html
211,2 weeks ,23 Thousand,1,Flat,"E-11/2, E-11",550,1,1,https://www.prop.pk/property/details-20981262.html
212,2 weeks ,29 Thousand,2,Flat,"E-11/2, E-11",650,1,1,https://www.prop.pk/property/details-21123155.html
213,2 weeks ,35 Thousand,4,Flat,"E-11/2, E-11","1,000",2,2,https://www.prop.pk/property/details-21123227.html
214,2 weeks ,25 Thousand,3,Flat,"E-11/2, E-11",650,1,1,https://www.prop.pk/property/details-21123276.html
215,2 weeks ,38 Thousand,7,Flat,"E-11/2, E-11","1,200",3,3,https://www.prop.pk/property/details-21123302.html
216,2 weeks ,27 Thousand,2,Flat,"E-11/2, E-11",850,2,2,https://www.prop.pk/property/details-21134514.html
217,2 weeks ,32 Thousand,13,Flat,"E-11, Islamabad",850,2,2,https://www.prop.pk/property/details-21046436.html
218,2 weeks ,35 Thousand,6,Flat,"E-11, Islamabad","1,000",2,2,https://www.prop.pk/property/details-21093119.html
219,2 weeks ,50 Thousand,14,Flat,"E-11/4, E-11","1,400",3,3,https://www.prop.pk/property/details-21338192.html
220,2 weeks ,20 Thousand,2,Flat,"E-11/2, E-11",600,1,1,https://www.prop.pk/property/details-21268080.html
221,2 weeks ,18 Thousand,5,Flat,"E-11/2, E-11",600,1,1,https://www.prop.pk/property/details-21260210.html
222,2 weeks ,20 Thousand,5,Flat,"E-11, Islamabad",600,1,1,https://www.prop.pk/property/details-21260340.html
223,2 weeks ,38 Thousand,6,Flat,"E-11/4, E-11","1,200",2,3,https://www.prop.pk/property/details-21134743.html
224,2 weeks ,35 Thousand,4,Flat,"E-11/2, E-11","1,000",2,2,https://www.prop.pk/property/details-21134816.html
225,2 weeks ,27 Thousand,11,Flat,"E-11, Islamabad",700,1,,https://www.prop.pk/property/details-22402409.html
226,2 weeks ,24 Thousand,4,Flat,"E-11, Islamabad",400,1,1,https://www.prop.pk/property/details-22503620.html
227,2 weeks ,65 Thousand,30,Flat,"E-11, Islamabad","1,258",2,2,https://www.prop.pk/property/details-22503415.html
228,2 weeks ,26 Thousand,6,Flat,"E-11, Islamabad",650,2,2,https://www.prop.pk/property/details-22503275.html
229,2 weeks ,60 Thousand,21,Flat,"E-11, Islamabad","1,200",2,2,https://www.prop.pk/property/details-22503272.html
230,2 weeks ,30 Thousand,6,Flat,"E-11, Islamabad",900,2,2,https://www.prop.pk/property/details-22503201.html
231,2 weeks ,22 Thousand,8,Flat,"E-11, Islamabad",500,1,1,https://www.prop.pk/property/details-22503171.html
232,2 weeks ,25 Thousand,9,Flat,"E-11, Islamabad",525,1,1,https://www.prop.pk/property/details-22503118.html
233,2 weeks ,60 Thousand,21,Flat,"E-11, Islamabad","1,600",,2,https://www.prop.pk/property/details-21353361.html
234,2 weeks ,22 Thousand,7,Flat,"E-11, Islamabad",800,1,1,https://www.prop.pk/property/details-22502811.html
235,2 weeks ,65 Thousand,20,Flat,"E-11, Islamabad","1,300",2,2,https://www.prop.pk/property/details-22502161.html
236,2 weeks ,95 Thousand,25,Flat,"E-11/2, E-11","2,850",4,4,https://www.prop.pk/property/details-22495860.html
237,3 weeks ,85 Thousand,26,Flat,"E-11, Islamabad","2,900",4,4,https://www.prop.pk/property/details-22487129.html
238,3 weeks ,43 Thousand,10,Flat,"E-11/4, E-11",900,2,2,https://www.prop.pk/property/details-22486712.html
239,3 weeks ,30 Thousand,6,Flat,"E-11, Islamabad",700,1,1,https://www.prop.pk/property/details-22476548.html
240,3 weeks ,50 Thousand,9,Flat,"E-11, Islamabad","1,400",3,2,https://www.prop.pk/property/details-22476264.html
241,3 weeks ,35 Thousand,7,Flat,"E-11, Islamabad","1,000",3,2,https://www.prop.pk/property/details-19728605.html
242,3 weeks ,45 Thousand,18,Flat,"E-11, Islamabad","1,550",3,3,https://www.prop.pk/property/details-19893072.html
243,3 weeks ,36 Thousand,9,Flat,"E-11, Islamabad","1,600",2,2,https://www.prop.pk/property/details-19893353.html
244,3 weeks ,45 Thousand,35,Flat,"E-11, Islamabad","1,600",3,2,https://www.prop.pk/property/details-20115939.html
245,3 weeks ,55 Thousand,16,Flat,"E-11, Islamabad","1,600",2,2,https://www.prop.pk/property/details-20131975.html
246,3 weeks ,48 Thousand,13,Flat,"E-11, Islamabad",800,2,2,https://www.prop.pk/property/details-20132280.html
247,3 weeks ,45 Thousand,10,Flat,"E-11, Islamabad",900,1,1,https://www.prop.pk/property/details-20219832.html
248,3 weeks ,1.1 Lakh,11,Flat,"E-11, Islamabad","1,800",2,2,https://www.prop.pk/property/details-20220206.html
249,3 weeks ,48 Thousand,12,Flat,"E-11, Islamabad","1,000",2,2,https://www.prop.pk/property/details-20311603.html
250,3 weeks ,45 Thousand,10,Flat,"E-11, Islamabad",800,2,2,https://www.prop.pk/property/details-20312226.html
251,3 weeks ,35 Thousand,20,Flat,"E-11, Islamabad","1,250",2,2,https://www.prop.pk/property/details-20647158.html
252,3 weeks ,45 Thousand,27,Flat,"E-11, Islamabad","1,550",3,2,https://www.prop.pk/property/details-20647837.html
253,3 weeks ,43 Thousand,15,Flat,"E-11, Islamabad",850,2,2,https://www.prop.pk/property/details-20709248.html
254,3 weeks ,55 Thousand,19,Flat,"E-11, Islamabad","1,500",3,3,https://www.prop.pk/property/details-20943221.html
255,3 weeks ,42 Thousand,23,Flat,"E-11, Islamabad","1,100",2,2,https://www.prop.pk/property/details-21015857.html
256,3 weeks ,55 Thousand,24,Flat,"E-11, Islamabad","1,100",3,4,https://www.prop.pk/property/details-21016313.html
257,3 weeks ,45 Thousand,21,Flat,"E-11, Islamabad","1,100",3,3,https://www.prop.pk/property/details-21016855.html
258,3 weeks ,55 Thousand,25,Flat,"E-11, Islamabad","1,000",2,2,https://www.prop.pk/property/details-21021222.html
259,3 weeks ,70 Thousand,14,Flat,"E-11, Islamabad","1,900",3,3,https://www.prop.pk/property/details-21176038.html
260,3 weeks ,45 Thousand,9,Flat,"E-11, Islamabad","1,600",3,3,https://www.prop.pk/property/details-21607634.html
261,3 weeks ,35 Thousand,12,Flat,"E-11, Islamabad",900,2,2,https://www.prop.pk/property/details-21607924.html
262,3 weeks ,80 Thousand,6,Flat,"E-11, Islamabad","1,400",3,3,https://www.prop.pk/property/details-21608254.html
263,3 weeks ,1.6 Lakh,11,Flat,"E-11, Islamabad","1,500",2,2,https://www.prop.pk/property/details-21608551.html
264,3 weeks ,45 Thousand,14,Flat,"E-11, Islamabad",900,2,2,https://www.prop.pk/property/details-21609177.html
265,3 weeks ,50 Thousand,12,Flat,"E-11, Islamabad","1,600",2,2,https://www.prop.pk/property/details-21609254.html
266,3 weeks ,1  Lakh,8,Flat,"E-11, Islamabad","1,600",2,2,https://www.prop.pk/property/details-21881739.html
267,3 weeks ,65 Thousand,13,Flat,"E-11, Islamabad","1,800",3,3,https://www.prop.pk/property/details-21882202.html
268,3 weeks ,65 Thousand,14,Flat,"E-11, Islamabad","1,800",3,3,https://www.prop.pk/property/details-22058562.html
269,3 weeks ,35 Thousand,9,Flat,"E-11, Islamabad",900,2,2,https://www.prop.pk/property/details-22058719.html
270,3 weeks ,27 Thousand,5,Flat,"E-11, Islamabad",700,1,1,https://www.prop.pk/property/details-22059002.html
271,3 weeks ,45 Thousand,7,Flat,"E-11, Islamabad","1,200",2,2,https://www.prop.pk/property/details-22059198.html
272,3 weeks ,35 Thousand,13,Flat,"E-11, Islamabad","1,214",2,2,https://www.prop.pk/property/details-22466758.html
273,3 weeks ,35 Thousand,15,Flat,"E-11, Islamabad","1,300",2,2,https://www.prop.pk/property/details-22466631.html
274,3 weeks ,40 Thousand,2,Flat,"E-11, Islamabad",650,1,1,https://www.prop.pk/property/details-22460030.html
275,3 weeks ,30 Thousand,3,Flat,"Capital Residencia, Margalla Hills-2",800,,,https://www.prop.pk/property/details-22459318.html
276,3 weeks ,90 Thousand,14,Flat,"E-11, Islamabad","2,850",4,4,https://www.prop.pk/property/details-22452242.html
277,3 weeks ,80 Thousand,6,Flat,"E-11, Islamabad","1,400",3,3,https://www.prop.pk/property/details-21631154.html
278,3 weeks ,55 Thousand,25,Flat,"E-11, Islamabad","1,200",2,2,https://www.prop.pk/property/details-21632047.html
279,3 weeks ,65 Thousand,19,Flat,"E-11, Islamabad","1,200",2,2,https://www.prop.pk/property/details-22428914.html
280,3 weeks ,27 Thousand,5,Flat,"E-11, Islamabad",950,2,2,https://www.prop.pk/property/details-22428861.html
281,3 weeks ,87 Thousand,5,Flat,"Margalla Hills-2, E-11","2,850",4,5,https://www.prop.pk/property/details-22066732.html
282,3 weeks ,14 Thousand,5,Flat,"E-11, Islamabad",450,2,2,https://www.prop.pk/property/details-22421356.html
283,3 weeks ,40 Thousand,12,Flat,"Khudadad Heights, E-11/2","2,300",3,3,https://www.prop.pk/property/details-22299533.html
284,3 weeks ,25 Thousand,6,Flat,"E-11, Islamabad","1,650",2,2,https://www.prop.pk/property/details-22414230.html
285,4 weeks ,26 Thousand,4,Flat,"E-11, Islamabad",500,1,1,https://www.prop.pk/property/details-22413955.html
286,4 weeks ,45 Thousand,9,Flat,"Khudadad Heights, E-11/4","2,350",3,3,https://www.prop.pk/property/details-22410282.html
287,4 weeks ,55 Thousand,17,Flat,"E-11, Islamabad","1,600",3,3,https://www.prop.pk/property/details-21334847.html
288,4 weeks ,40 Thousand,9,Flat,"E-11, Islamabad","1,050",2,,https://www.prop.pk/property/details-20946448.html
289,4 weeks ,45 Thousand,7,Flat,"E-11/4, E-11","1,200",2,2,https://www.prop.pk/property/details-20905954.html
290,4 weeks ,55 Thousand,6,Flat,"E-11/1, E-11","1,600",2,2,https://www.prop.pk/property/details-20906052.html
291,4 weeks ,90 Thousand,6,Flat,"E-11/1, E-11","2,600",4,4,https://www.prop.pk/property/details-20906108.html
292,4 weeks ,80 Thousand,12,Flat,"E-11/4, E-11","1,800",4,3,https://www.prop.pk/property/details-20813959.html
293,4 weeks ,35 Thousand,17,Flat,"E-11/4, E-11",750,1,1,https://www.prop.pk/property/details-9233221.html
294,4 weeks ,55 Thousand,17,Flat,"E-11, Islamabad","1,200",2,2,https://www.prop.pk/property/details-10659484.html
295,4 weeks ,45 Thousand,10,Flat,"E-11, Islamabad",700,1,1,https://www.prop.pk/property/details-22400573.html
296,4 weeks ,60 Thousand,6,Flat,"E-11, Islamabad","1,250",2,2,https://www.prop.pk/property/details-22399357.html
297,4 weeks ,20 Thousand,6,Flat,"E-11, Islamabad",400,1,1,https://www.prop.pk/property/details-22399353.html
298,1 month ,28 Thousand,22,Flat,"E-11, Islamabad",900,2,2,https://www.prop.pk/property/details-22378162.html
299,1 month ,35 Thousand,7,Flat,"E-11, Islamabad","1,000",1,1,https://www.prop.pk/property/details-22374718.html
300,1 month ,20 Thousand,5,Flat,"E-11/2, E-11",450,1,1,https://www.prop.pk/property/details-22353129.html
301,1 month ,32 Thousand,5,Flat,"E-11/2, E-11",450,1,1,https://www.prop.pk/property/details-22345397.html
302,1 month ,38 Thousand,4,Flat,"E-11/3, E-11",720,2,2,https://www.prop.pk/property/details-21886625.html
303,1 month ,35 Thousand,5,Flat,"E-11/2, E-11",850,2,2,https://www.prop.pk/property/details-21639169.html
304,1 month ,50 Thousand,5,Flat,"E-11/3, E-11",800,2,2,https://www.prop.pk/property/details-21639154.html
305,1 month ,38 Thousand,5,Flat,"E-11/3, E-11",750,2,2,https://www.prop.pk/property/details-21639158.html
306,1 month ,32 Thousand,5,Flat,"E-11/3, E-11",750,2,2,https://www.prop.pk/property/details-21639161.html
307,1 month ,25 Thousand,5,Flat,"E-11/3, E-11",715,2,2,https://www.prop.pk/property/details-21639164.html
308,1 month ,36 Thousand,5,Flat,"E-11/3, E-11",850,2,2,https://www.prop.pk/property/details-21639167.html
309,1 month ,25 Thousand,5,Flat,"E-11/2, E-11",400,1,1,https://www.prop.pk/property/details-21080407.html
310,1 month ,24 Thousand,5,Flat,"E-11/2, E-11",400,1,1,https://www.prop.pk/property/details-21080417.html
311,1 month ,48 Thousand,5,Flat,"E-11/2, E-11","1,000",2,2,https://www.prop.pk/property/details-21080421.html
312,1 month ,45 Thousand,5,Flat,"E-11/2, E-11",800,2,2,https://www.prop.pk/property/details-21080429.html
313,1 month ,25 Thousand,1,Flat,"E-11, Islamabad",500,1,1,https://www.prop.pk/property/details-20993433.html
314,1 month ,30 Thousand,5,Flat,"E-11, Islamabad",800,2,2,https://www.prop.pk/property/details-21080246.html
315,1 month ,23 Thousand,5,Flat,"E-11/2, E-11",400,1,1,https://www.prop.pk/property/details-21080388.html
316,1 month ,35 Thousand,5,Flat,"E-11/2, E-11",800,,,https://www.prop.pk/property/details-20917640.html
317,1 month ,31 Thousand,4,Flat,"E-11, Islamabad",750,2,2,https://www.prop.pk/property/details-20973480.html
318,1 month ,29 Thousand,5,Flat,"E-11, Islamabad",750,2,2,https://www.prop.pk/property/details-20973661.html
319,1 month ,45 Thousand,5,Flat,"E-11/2, E-11",800,,,https://www.prop.pk/property/details-20917611.html
320,1 month ,48 Thousand,6,Flat,"E-11/2, E-11","1,000",,,https://www.prop.pk/property/details-20917635.html
321,1 month ,60 Thousand,12,Flat,"E-11, Islamabad","1,800",2,2,https://www.prop.pk/property/details-21259670.html
322,1 month ,39 Thousand,11,Flat,"E-11, Islamabad","1,100",3,,https://www.prop.pk/property/details-22328225.html
323,1 month ,65 Thousand,13,Flat,"Khudadad Heights, E-11/2","2,800",4,4,https://www.prop.pk/property/details-22327390.html
324,1 month ,35 Thousand,5,Flat,"E-11/2, E-11",600,1,1,https://www.prop.pk/property/details-22327305.html
325,1 month ,55 Thousand,10,Flat,"E-11, Islamabad","1,250",2,2,https://www.prop.pk/property/details-22308622.html
326,1 month ,40 Thousand,4,Flat,"E-11, Islamabad",400,1,1,https://www.prop.pk/property/details-22308171.html
327,1 month ,65 Thousand,16,Flat,"E-11, Islamabad","1,200",2,2,https://www.prop.pk/property/details-21557637.html
328,1 month ,40 Thousand,19,Flat,"E-11, Islamabad","1,160",2,2,https://www.prop.pk/property/details-21637608.html
329,1 month ,55 Thousand,5,Flat,"E-11, Islamabad","1,250",2,2,https://www.prop.pk/property/details-22291754.html
330,1 month ,55 Thousand,9,Flat,"Apollo Towers, E-11/4","1,150",2,2,https://www.prop.pk/property/details-20716570.html
331,1 month ,65 Thousand,29,Flat,"E-11, Islamabad","1,300",2,2,https://www.prop.pk/property/details-15315359.html
332,1 month ,30 Thousand,12,Flat,"E-11, Islamabad",600,1,1,https://www.prop.pk/property/details-16281861.html
333,1 month ,21 Thousand,5,Flat,"E-11/1, E-11",461,1,1,https://www.prop.pk/property/details-22196005.html
334,1 month ,35 Thousand,21,Flat,"E-11, Islamabad","2,300",3,3,https://www.prop.pk/property/details-22169604.html
335,1 month ,45 Thousand,20,Flat,"E-11/4, E-11","1,200",2,2,https://www.prop.pk/property/details-20594118.html
336,1 month ,65 Thousand,16,Flat,"E-11, Islamabad","1,400",2,2,https://www.prop.pk/property/details-22134319.html
337,1 month ,52 Thousand,8,Flat,"E-11, Islamabad","1,250",2,3,https://www.prop.pk/property/details-22129842.html
338,1 month ,30 Thousand,10,Flat,"E-11/3, E-11",700,2,2,https://www.prop.pk/property/details-22114456.html
339,1 month ,45 Thousand,12,Flat,"E-11, Islamabad","1,500",4,4,https://www.prop.pk/property/details-22088465.html
340,1 month ,15 Thousand,4,Flat,"E-11, Islamabad",500,1,1,https://www.prop.pk/property/details-22085243.html
341,1 month ,66 Thousand,5,Flat,"Margalla Hills-2, E-11","1,800",3,3,https://www.prop.pk/property/details-22080855.html
342,1 month ,32 Thousand,12,Flat,"E-11, Islamabad",600,1,1,https://www.prop.pk/property/details-22066563.html
343,1 month ,70 Thousand,27,Flat,"E-11, Islamabad","3,000",3,3,https://www.prop.pk/property/details-21508596.html
344,1 month ,55 Thousand,10,Flat,"E-11/1, E-11",900,2,2,https://www.prop.pk/property/details-22061585.html
345,1 month ,55 Thousand,16,Flat,"E-11, Islamabad","2,476",4,4,https://www.prop.pk/property/details-22041250.html
346,1 month ,35 Thousand,5,Flat,"E-11, Islamabad","1,200",2,2,https://www.prop.pk/property/details-21494957.html
347,1 month ,25 Thousand,5,Flat,"E-11, Islamabad",500,1,1,https://www.prop.pk/property/details-21501978.html
348,1 month ,70 Thousand,3,Flat,"E-11, Islamabad","1,500",2,2,https://www.prop.pk/property/details-21731281.html
349,1 month ,45 Thousand,5,Flat,"E-11, Islamabad","1,500",3,3,https://www.prop.pk/property/details-21463424.html
350,1 month ,47 Thousand,14,Flat,"E-11, Islamabad",900,2,2,https://www.prop.pk/property/details-21161648.html
351,1 month ,18 Thousand,3,Flat,"E-11, Islamabad",400,1,,https://www.prop.pk/property/details-22036408.html
352,1 month ,27 Thousand,4,Flat,"E-11, Islamabad",300,1,1,https://www.prop.pk/property/details-22036363.html
353,1 month ,90 Thousand,9,Flat,"Margalla Hills-2, E-11","2,850",4,4,https://www.prop.pk/property/details-22032635.html
354,2 months ,42 Thousand,20,Flat,"E-11/4, E-11","1,575",2,1,https://www.prop.pk/property/details-22011519.html
355,2 months ,35 Thousand,7,Flat,"E-11, Islamabad",700,2,2,https://www.prop.pk/property/details-22001908.html
356,2 months ,90 Thousand,5,Flat,"E-11, Islamabad","2,800",4,5,https://www.prop.pk/property/details-21996129.html
357,2 months ,90 Thousand,22,Flat,"MPCHS - Islamabad Garden, E-11/1","2,750",4,5,https://www.prop.pk/property/details-21337927.html
358,2 months ,90 Thousand,11,Flat,"E-11, Islamabad","2,250",4,4,https://www.prop.pk/property/details-16391581.html
359,2 months ,50 Thousand,8,Flat,"E-11/2, E-11","1,350",3,3,https://www.prop.pk/property/details-19688289.html
360,2 months ,35 Thousand,8,Flat,"E-11, Islamabad","1,600",2,2,https://www.prop.pk/property/details-14020400.html
361,2 months ,65 Thousand,21,Flat,"E-11/4, E-11","1,140",2,2,https://www.prop.pk/property/details-21946624.html
362,2 months ,55 Thousand,14,Flat,"E-11, Islamabad",900,2,2,https://www.prop.pk/property/details-20835803.html
363,2 months ,70 Thousand,26,Flat,"E-11, Islamabad","1,900",4,4,https://www.prop.pk/property/details-21287457.html
364,2 months ,53 Thousand,12,Flat,"E-11, Islamabad","1,100",3,3,https://www.prop.pk/property/details-20982728.html
365,2 months ,32 Thousand,19,Flat,"E-11, Islamabad",850,2,2,https://www.prop.pk/property/details-21626996.html
366,2 months ,55 Thousand,11,Flat,"Khudadad Heights, E-11/2","1,603",2,2,https://www.prop.pk/property/details-21888998.html
367,2 months ,35 Thousand,7,Flat,"E-11, Islamabad",600,1,1,https://www.prop.pk/property/details-21872833.html
368,2 months ,19 Thousand,4,Flat,"E-11/2, E-11",350,1,1,https://www.prop.pk/property/details-21816889.html
369,2 months ,32 Thousand,5,Flat,"E-11, Islamabad",900,2,2,https://www.prop.pk/property/details-21798625.html
370,2 months ,22 Thousand,5,Flat,"E-11, Islamabad",525,1,1,https://www.prop.pk/property/details-21798622.html
371,2 months ,27 Thousand,4,Flat,"E-11/4, E-11",900,1,1,https://www.prop.pk/property/details-17660657.html
372,2 months ,27 Thousand,5,Flat,"E-11/2, E-11",700,,1,https://www.prop.pk/property/details-21773233.html
373,2 months ,30 Thousand,7,Flat,"E-11/2, E-11",800,,1,https://www.prop.pk/property/details-21773098.html
374,2 months ,35 Thousand,5,Flat,"E-11, Islamabad",900,2,2,https://www.prop.pk/property/details-21773055.html
375,2 months ,85 Thousand,10,Flat,"Makkah Tower, E-11","1,800",3,4,https://www.prop.pk/property/details-21665268.html
376,2 months ,33 Thousand,10,Flat,"E-11, Islamabad",900,2,2,https://www.prop.pk/property/details-21060174.html
377,2 months ,60 Thousand,11,Flat,"E-11, Islamabad","2,000",3,3,https://www.prop.pk/property/details-21449480.html
378,2 months ,50 Thousand,6,Flat,"E-11, Islamabad",750,2,2,https://www.prop.pk/property/details-21716928.html
379,2 months ,60 Thousand,9,Flat,"Apollo Towers, E-11/4","1,850",3,3,https://www.prop.pk/property/details-21684806.html
380,2 months ,85 Thousand,22,Flat,"E-11, Islamabad","2,000",4,4,https://www.prop.pk/property/details-21679696.html
381,2 months ,27 Thousand,10,Flat,"E-11/2, E-11",650,1,1,https://www.prop.pk/property/details-21449939.html
382,2 months ,1.25 Lakh,39,Flat,"E-11, Islamabad","2,400",3,3,https://www.prop.pk/property/details-21628926.html
383,2 months ,55 Thousand,13,Flat,"E-11, Islamabad","1,300",2,3,https://www.prop.pk/property/details-20095980.html
384,2 months ,36 Thousand,9,Flat,"E-11/2, E-11",850,2,2,https://www.prop.pk/property/details-20251476.html
385,2 months ,35 Thousand,9,Flat,"E-11/4, E-11",900,2,2,https://www.prop.pk/property/details-21583554.html
386,2 months ,27 Thousand,4,Flat,"E-11, Islamabad",400,1,1,https://www.prop.pk/property/details-21571075.html
387,2 months ,28 Thousand,3,Flat,"E-11/2, E-11",450,1,1,https://www.prop.pk/property/details-21549788.html
388,2 months ,36 Thousand,20,Flat,"Others, E-11",500,1,1,https://www.prop.pk/property/details-20948098.html
389,2 months ,37 Thousand,14,Flat,"E-11, Islamabad","1,600",3,3,https://www.prop.pk/property/details-19139211.html
390,2 months ,21 Thousand,7,Flat,"E-11/4, E-11",450,1,1,https://www.prop.pk/property/details-20051827.html
391,2 months ,22 Thousand,6,Flat,"E-11, Islamabad",650,1,1,https://www.prop.pk/property/details-21502703.html
392,2 months ,35 Thousand,15,Flat,"E-11, Islamabad",500,1,1,https://www.prop.pk/property/details-21489787.html
393,2 months ,32 Thousand,7,Flat,"E-11, Islamabad",650,1,1,https://www.prop.pk/property/details-21480359.html
394,2 months ,70 Thousand,11,Flat,"E-11/1, E-11","1,900",3,4,https://www.prop.pk/property/details-20751147.html
395,2 months ,40 Thousand,34,Flat,"E-11/3, E-11",675,2,2,https://www.prop.pk/property/details-21412831.html
396,3 months ,45 Thousand,12,Flat,"E-11/4, E-11","1,000",2,2,https://www.prop.pk/property/details-20803502.html
397,3 months ,35 Thousand,5,Flat,"E-11, Islamabad",600,1,1,https://www.prop.pk/property/details-20968219.html
398,3 months ,55 Thousand,7,Flat,"E-11, Islamabad","1,100",2,2,https://www.prop.pk/property/details-18334478.html
399,3 months ,53 Thousand,12,Flat,"E-11/4, E-11","2,000",3,3,https://www.prop.pk/property/details-20571020.html
400,3 months ,53 Thousand,12,Flat,"E-11/4, E-11","2,000",3,3,https://www.prop.pk/property/details-20571020.html
401,3 months ,48 Thousand,6,Flat,"E-11, Islamabad",900,2,2,https://www.prop.pk/property/details-21271063.html
402,3 months ,45 Thousand,13,Flat,"E-11/4, E-11","1,200",2,2,https://www.prop.pk/property/details-9233367.html
403,3 months ,42 Thousand,13,Flat,"E-11, Islamabad",900,,,https://www.prop.pk/property/details-21250993.html
404,3 months ,55 Thousand,12,Flat,"E-11, Islamabad","1,500",2,2,https://www.prop.pk/property/details-21250682.html
405,3 months ,16 Thousand,11,Flat,"E-11/1, E-11","1,500",2,2,https://www.prop.pk/property/details-21248800.html
406,3 months ,70 Thousand,19,Flat,"E-11/4, E-11","1,600",2,2,https://www.prop.pk/property/details-21238637.html
407,3 months ,50 Thousand,13,Flat,"E-11, Islamabad",950,2,2,https://www.prop.pk/property/details-21231856.html
408,3 months ,28 Thousand,5,Flat,"E-11/4, E-11",816,1,1,https://www.prop.pk/property/details-21200341.html
409,3 months ,36 Thousand,15,Flat,"E-11/2, E-11","1,000",2,2,https://www.prop.pk/property/details-21148685.html
410,3 months ,45 Thousand,8,Flat,"E-11/4, E-11","1,200",2,2,https://www.prop.pk/property/details-20747368.html
411,3 months ,23 Thousand,4,Flat,"E-11, Islamabad",400,1,1,https://www.prop.pk/property/details-21094994.html
412,3 months ,48 Thousand,7,Flat,"E-11, Islamabad",900,2,2,https://www.prop.pk/property/details-20869933.html
413,3 months ,64 Thousand,5,Flat,"E-11, Islamabad","1,850",3,3,https://www.prop.pk/property/details-21010280.html
414,3 months ,35 Thousand,11,Flat,"E-11, Islamabad","1,000",2,2,https://www.prop.pk/property/details-20995541.html
415,3 months ,45 Thousand,3,Flat,"E-11/4, E-11","1,200",2,2,https://www.prop.pk/property/details-20980623.html
416,3 months ,70 Thousand,4,Flat,"E-11/2, E-11","1,600",3,3,https://www.prop.pk/property/details-20980557.html
417,3 months ,37 Thousand,4,Flat,"E-11/2, E-11",850,,,https://www.prop.pk/property/details-20980498.html
418,3 months ,50 Thousand,15,Flat,"E-11/2, E-11","1,150",2,2,https://www.prop.pk/property/details-20978971.html
419,3 months ,20 Thousand,3,Flat,"E-11, Islamabad",350,1,1,https://www.prop.pk/property/details-20978392.html
420,3 months ,25 Thousand,9,Flat,"Khudadad Heights, E-11/4",600,1,1,https://www.prop.pk/property/details-20915247.html
421,3 months ,90 Thousand,4,Flat,"E-11/4, E-11","2,700",3,4,https://www.prop.pk/property/details-20902746.html
422,3 months ,55 Thousand,6,Flat,"E-11, Islamabad","1,100",3,3,https://www.prop.pk/property/details-20876737.html
423,3 months ,30 Thousand,3,Flat,"E-11/3, E-11",700,2,2,https://www.prop.pk/property/details-20856013.html
424,3 months ,75 Thousand,11,Flat,"E-11, Islamabad","1,200",3,2,https://www.prop.pk/property/details-20844902.html
425,3 months ,47 Thousand,5,Flat,"E-11, Islamabad",900,2,2,https://www.prop.pk/property/details-20763590.html
426,4 months ,1.4 Lakh,4,Flat,"Abdullah Heights, E-11/4","1,860",3,4,https://www.prop.pk/property/details-20699480.html
427,4 months ,38 Thousand,6,Flat,"E-11, Islamabad",500,2,2,https://www.prop.pk/property/details-20694569.html
428,4 months ,1.3 Lakh,4,Flat,"E-11, Islamabad","1,860",3,4,https://www.prop.pk/property/details-20692882.html
429,4 months ,73 Thousand,13,Flat,"E-11, Islamabad","1,800",3,3,https://www.prop.pk/property/details-20674002.html
430,4 months ,60 Thousand,9,Flat,"E-11, Islamabad","1,700",3,3,https://www.prop.pk/property/details-20655013.html
431,4 months ,64 Thousand,17,Flat,"E-11/1, E-11","1,575",3,4,https://www.prop.pk/property/details-20553165.html
432,4 months ,42 Thousand,11,Flat,"E-11, Islamabad","1,500",3,3,https://www.prop.pk/property/details-18160356.html
433,4 months ,80 Thousand,17,Flat,"E-11/1, E-11","3,000",4,4,https://www.prop.pk/property/details-16436180.html
434,4 months ,37 Thousand,2,Flat,"E-11/3, E-11",900,3,3,https://www.prop.pk/property/details-20427938.html
435,4 months ,40 Thousand,10,Flat,"E-11/2, E-11","1,200",3,3,https://www.prop.pk/property/details-20412667.html
436,4 months ,50 Thousand,16,Flat,"Khudadad Heights, E-11/4","2,400",3,3,https://www.prop.pk/property/details-18009652.html
437,4 months ,28 Thousand,8,Flat,"E-11/2, E-11",800,2,2,https://www.prop.pk/property/details-20354961.html
438,4 months ,37 Thousand,5,Flat,"Others, E-11/2",850,2,2,https://www.prop.pk/property/details-19430369.html
439,4 months ,33 Thousand,12,Flat,"E-11/2, E-11",750,1,1,https://www.prop.pk/property/details-20295071.html
440,4 months ,45 Thousand,6,Flat,"E-11, Islamabad","2,250",3,3,https://www.prop.pk/property/details-20288802.html
441,4 months ,45 Thousand,10,Flat,"E-11, Islamabad",875,2,2,https://www.prop.pk/property/details-20276408.html
442,4 months ,46 Thousand,8,Flat,"E-11, Islamabad",985,2,2,https://www.prop.pk/property/details-20274966.html
443,4 months ,40 Thousand,3,Flat,"E-11, Islamabad","1,300",1,2,https://www.prop.pk/property/details-20195007.html
444,4 months ,85 Thousand,9,Flat,"E-11, Islamabad","1,250",2,2,https://www.prop.pk/property/details-19810918.html
445,5 months ,30 Thousand,1,Flat,"E-11/4, E-11","1,250",2,2,https://www.prop.pk/property/details-20140076.html
446,5 months ,75 Thousand,9,Flat,"E-11/4, E-11","1,250",2,2,https://www.prop.pk/property/details-20139409.html
447,5 months ,29 Thousand,7,Flat,"E-11, Islamabad",800,2,2,https://www.prop.pk/property/details-20134647.html
448,5 months ,55 Thousand,25,Flat,"E-11, Islamabad","1,300",3,3,https://www.prop.pk/property/details-20117165.html
449,5 months ,65 Thousand,5,Flat,"Margalla Hills-2, E-11","1,500",3,3,https://www.prop.pk/property/details-19521649.html
450,5 months ,65 Thousand,5,Flat,"Margalla Hills-2, E-11","1,500",3,3,https://www.prop.pk/property/details-19521649.html
451,5 months ,38 Thousand,14,Flat,"E-11, Islamabad",699,1,1,https://www.prop.pk/property/details-19976560.html
452,5 months ,48 Thousand,8,Flat,"E-11, Islamabad","1,000",2,2,https://www.prop.pk/property/details-19945242.html
453,5 months ,65 Thousand,10,Flat,"E-11, Islamabad","1,000",2,2,https://www.prop.pk/property/details-19694614.html
454,5 months ,34 Thousand,8,Flat,"E-11, Islamabad",850,2,2,https://www.prop.pk/property/details-18300299.html
455,5 months ,90 Thousand,3,Flat,"Makkah Tower, E-11","3,150",3,4,https://www.prop.pk/property/details-19519447.html
456,6 months ,30 Thousand,11,Flat,"E-11/4, E-11",600,1,1,https://www.prop.pk/property/details-19416198.html
457,6 months ,26 Thousand,7,Flat,"E-11/3, E-11",900,2,2,https://www.prop.pk/property/details-19104584.html
458,More than 6 months ,27 Thousand,5,Flat,"E-11, Islamabad",600,1,1,https://www.prop.pk/property/details-18447541.html
459,More than 6 months ,50 Thousand,29,Flat,"E-11/3, E-11","1,575",3,3,https://www.prop.pk/property/details-16428887.html
460,More than 6 months ,45 Thousand,10,Flat,"E-11/4, E-11","1,200",2,2,https://www.prop.pk/property/details-13151382.html
461,More than 6 months ,66 Thousand,17,Flat,"E-11/1, E-11","1,700",3,3,https://www.prop.pk/property/details-13151385.html
462,More than 6 months ,66 Thousand,11,Flat,"MPCHS - Islamabad Garden, E-11/1","1,800",3,3,https://www.prop.pk/property/details-7883280.html
463,1 day ,55 Thousand,,Flat,"E-11, Islamabad","1,900",3,3,https://www.prop.pk/property/details-21116258.html
464,1 day ,50 Thousand,,Flat,"E-11, Islamabad","1,700",3,3,https://www.prop.pk/property/details-21116284.html
465,1 day ,65 Thousand,22,Flat,"E-11/4, E-11","1,750",3,3,https://www.prop.pk/property/details-22735599.html
466,1 day ,32 Thousand,,Flat,"E-11, Islamabad",400,1,1,https://www.prop.pk/property/details-22732856.html
467,2 days ,40 Thousand,14,Flat,"E-11, Islamabad",225,2,1,https://www.prop.pk/property/details-22724942.html
468,2 days ,45 Thousand,,Flat,"E-11, Islamabad",700,1,1,https://www.prop.pk/property/details-22724409.html
469,2 days ,25 Thousand,7,Flat,"E-11, Islamabad","1,200",,,https://www.prop.pk/property/details-22718779.html
470,4 days ,35 Thousand,,Flat,"E-11/2, E-11",700,2,2,https://www.prop.pk/property/details-22709657.html
471,5 days ,70 Thousand,,Flat,"E-11, Islamabad","1,350",2,2,https://www.prop.pk/property/details-22698118.html
472,6 days ,18 Thousand,,Flat,"E-11, Islamabad",500,1,1,https://www.prop.pk/property/details-22681843.html
473,6 days ,25 Thousand,,Flat,"E-11, Islamabad",700,1,1,https://www.prop.pk/property/details-22681195.html
474,7 days ,45 Thousand,,Flat,"E-11/4, E-11","1,400",3,3,https://www.prop.pk/property/details-22674587.html
475,7 days ,50 Thousand,,Flat,"E-11, Islamabad","1,050",2,2,https://www.prop.pk/property/details-22674555.html
476,7 days ,37 Thousand,,Flat,"E-11/2, E-11",850,2,2,https://www.prop.pk/property/details-22674553.html
477,7 days ,45 Thousand,,Flat,"E-11/2, E-11",950,2,2,https://www.prop.pk/property/details-22674551.html
478,7 days ,27 Thousand,,Flat,"E-11/2, E-11",450,1,1,https://www.prop.pk/property/details-22674548.html
479,7 days ,70 Thousand,,Flat,"E-11, Islamabad","1,900",3,3,https://www.prop.pk/property/details-22674437.html
480,7 days ,60 Thousand,,Flat,"E-11, Islamabad","1,600",2,2,https://www.prop.pk/property/details-22674428.html
481,7 days ,37 Thousand,,Flat,"E-11, Islamabad","1,050",3,3,https://www.prop.pk/property/details-22674409.html
482,7 days ,20 Thousand,,Flat,"E-11/2, E-11",350,,1,https://www.prop.pk/property/details-22674407.html
483,7 days ,30 Thousand,,Flat,"E-11/2, E-11",650,1,1,https://www.prop.pk/property/details-22674400.html
484,7 days ,27 Thousand,,Flat,"E-11/2, E-11",500,1,1,https://www.prop.pk/property/details-22674385.html
485,7 days ,90 Thousand,,Flat,"E-11, Islamabad","2,850",,,https://www.prop.pk/property/details-22667111.html
486,7 days ,75 Thousand,,Flat,"E-11, Islamabad","1,500",,,https://www.prop.pk/property/details-22549753.html
487,7 days ,75 Thousand,,Flat,"E-11, Islamabad","1,500",3,3,https://www.prop.pk/property/details-20956204.html
488,7 days ,65 Thousand,,Flat,"E-11, Islamabad","1,900",3,3,https://www.prop.pk/property/details-20956224.html
489,7 days ,50 Thousand,,Flat,"E-11, Islamabad","1,400",3,3,https://www.prop.pk/property/details-22660543.html
490,7 days ,70 Thousand,,Flat,"E-11, Islamabad","1,900",3,3,https://www.prop.pk/property/details-22660324.html
491,7 days ,60 Thousand,,Flat,"E-11, Islamabad","1,600",2,2,https://www.prop.pk/property/details-22660323.html
492,1 week ,1.5 Lakh,,Flat,"E-11, Islamabad","2,050",3,3,https://www.prop.pk/property/details-22650472.html
493,1 week ,1.5 Lakh,,Flat,"E-11, Islamabad","2,050",3,3,https://www.prop.pk/property/details-22650463.html
494,1 week ,25 Thousand,,Flat,"E-11, Islamabad",650,1,1,https://www.prop.pk/property/details-21776108.html
495,1 week ,35 Thousand,,Flat,"E-11, Islamabad",650,1,1,https://www.prop.pk/property/details-21776111.html
496,1 week ,55 Thousand,,Flat,"E-11, Islamabad",900,2,2,https://www.prop.pk/property/details-21776113.html
497,1 week ,35 Thousand,,Flat,"E-11, Islamabad",900,2,2,https://www.prop.pk/property/details-21776116.html
498,1 week ,45 Thousand,,Flat,"E-11, Islamabad","1,000",3,3,https://www.prop.pk/property/details-21776118.html
499,1 week ,20 Thousand,,Flat,"E-11, Islamabad",310,1,1,https://www.prop.pk/property/details-21166607.html
500,1 week ,18 Thousand,,Flat,"MPCHS - Islamabad Garden, E-11/3",350,1,1,https://www.prop.pk/property/details-22632536.html
501,1 week ,38 Thousand,,Flat,"E-11, Islamabad","1,600",3,3,https://www.prop.pk/property/details-22543875.html
502,1 week ,36 Thousand,,Flat,"E-11/2, E-11",400,1,1,https://www.prop.pk/property/details-22629261.html
503,1 week ,70 Thousand,,Flat,"E-11/4, E-11","1,600",4,4,https://www.prop.pk/property/details-21238660.html
504,1 week ,75 Thousand,,Flat,"E-11, Islamabad","1,600",4,4,https://www.prop.pk/property/details-21026047.html
505,1 week ,32 Thousand,,Flat,"E-11/3, E-11",800,2,2,https://www.prop.pk/property/details-22573388.html
506,1 week ,30 Thousand,,Flat,"E-11/3, E-11",800,2,2,https://www.prop.pk/property/details-22573389.html
507,2 weeks ,55 Thousand,,Flat,"E-11, Islamabad","1,400",3,3,https://www.prop.pk/property/details-22549871.html
508,2 weeks ,60 Thousand,7,Flat,"E-11, Islamabad","1,400",2,,https://www.prop.pk/property/details-22546542.html
509,2 weeks ,90 Thousand,,Flat,"E-11, Islamabad","2,600",4,4,https://www.prop.pk/property/details-22402214.html
510,2 weeks ,60 Thousand,,Flat,"E-11, Islamabad","1,900",3,3,https://www.prop.pk/property/details-22339897.html
511,2 weeks ,90 Thousand,,Flat,"E-11, Islamabad","2,600",4,4,https://www.prop.pk/property/details-22339900.html
512,2 weeks ,70 Thousand,,Flat,"E-11, Islamabad","1,900",3,3,https://www.prop.pk/property/details-22402207.html
513,2 weeks ,33 Thousand,,Flat,"E-11, Islamabad",950,2,2,https://www.prop.pk/property/details-21581035.html
514,2 weeks ,25 Thousand,,Flat,"E-11, Islamabad",500,1,1,https://www.prop.pk/property/details-22535828.html
515,2 weeks ,30 Thousand,,Flat,"E-11, Islamabad",850,2,2,https://www.prop.pk/property/details-22533609.html
516,2 weeks ,30 Thousand,,Flat,"E-11, Islamabad",500,1,1,https://www.prop.pk/property/details-22533610.html
517,2 weeks ,55 Thousand,,Flat,"E-11, Islamabad","1,400",3,3,https://www.prop.pk/property/details-21968277.html
518,2 weeks ,18 Thousand,,Flat,"MPCHS - Islamabad Garden, E-11/3",350,1,1,https://www.prop.pk/property/details-19797340.html
519,2 weeks ,26 Thousand,,Flat,"E-11/2, E-11",850,1,1,https://www.prop.pk/property/details-20981177.html
520,2 weeks ,24 Thousand,,Flat,"E-11/2, E-11",500,1,1,https://www.prop.pk/property/details-21134603.html
521,2 weeks ,35 Thousand,8,Flat,"E-11, Islamabad",450,1,1,https://www.prop.pk/property/details-22514813.html
522,2 weeks ,20 Thousand,4,Flat,"E-11, Islamabad",300,1,1,https://www.prop.pk/property/details-22503714.html
523,3 weeks ,35 Thousand,,Flat,"E-11/2, E-11","1,056",2,2,https://www.prop.pk/property/details-22425160.html
524,4 weeks ,55 Thousand,13,Flat,"E-11, Islamabad","1,200",2,2,https://www.prop.pk/property/details-22406858.html
525,1 month ,26 Thousand,,Flat,"E-11, Islamabad",850,1,1,https://www.prop.pk/property/details-22352905.html
526,1 month ,44 Thousand,,Flat,"E-11, Islamabad",950,2,2,https://www.prop.pk/property/details-20873173.html
527,1 month ,30 Thousand,,Flat,"E-11, Islamabad",700,1,1,https://www.prop.pk/property/details-20822398.html
528,1 month ,70 Thousand,,Flat,"E-11, Islamabad","1,900",3,3,https://www.prop.pk/property/details-20837011.html
529,1 month ,40 Thousand,,Flat,"E-11, Islamabad",725,2,2,https://www.prop.pk/property/details-20840105.html
530,1 month ,45 Thousand,,Flat,"E-11, Islamabad","1,000",2,2,https://www.prop.pk/property/details-20873039.html
531,1 month ,45 Thousand,,Flat,"E-11, Islamabad","1,400",3,3,https://www.prop.pk/property/details-20820306.html
532,1 month ,30 Thousand,,Flat,"E-11, Islamabad",700,2,2,https://www.prop.pk/property/details-20723526.html
533,1 month ,35 Thousand,,Flat,"E-11/3, E-11",725,2,2,https://www.prop.pk/property/details-21351163.html
534,1 month ,25 Thousand,,Flat,"MPCHS - Islamabad Garden, E-11/3",700,,,https://www.prop.pk/property/details-22340474.html
535,1 month ,45 Thousand,,Flat,"E-11/2, E-11",891,1,1,https://www.prop.pk/property/details-22313525.html
536,1 month ,45 Thousand,,Flat,"E-11/4, E-11","1,200",2,2,https://www.prop.pk/property/details-20177850.html
537,1 month ,60 Thousand,6,Flat,"E-11/1, E-11","1,400",2,3,https://www.prop.pk/property/details-22066811.html
538,2 months ,55 Thousand,10,Flat,"E-11, Islamabad","1,700",2,2,https://www.prop.pk/property/details-22011985.html
539,2 months ,23 Thousand,,Flat,"E-11, Islamabad",400,1,1,https://www.prop.pk/property/details-21942889.html
540,2 months ,55 Thousand,7,Flat,"E-11, Islamabad","1,400",2,2,https://www.prop.pk/property/details-21930113.html
541,2 months ,65 Thousand,7,Flat,"E-11, Islamabad","1,800",3,3,https://www.prop.pk/property/details-21930107.html
542,2 months ,40 Thousand,,Flat,"E-11, Islamabad","1,100",3,3,https://www.prop.pk/property/details-21789156.html
543,2 months ,26 Thousand,,Flat,"E-11, Islamabad",400,1,1,https://www.prop.pk/property/details-21745442.html
544,2 months ,33 Thousand,,Flat,"E-11, Islamabad",675,2,2,https://www.prop.pk/property/details-21716505.html
545,2 months ,28 Thousand,,Flat,"E-11/2, E-11",750,2,2,https://www.prop.pk/property/details-21715308.html
546,2 months ,37 Thousand,,Flat,"E-11/2, E-11",500,,,https://www.prop.pk/property/details-21640899.html
547,2 months ,35 Thousand,,Flat,"E-11, Islamabad",750,2,2,https://www.prop.pk/property/details-21606413.html
548,2 months ,32 Thousand,,Flat,"E-11/3, E-11",850,2,2,https://www.prop.pk/property/details-21581247.html
549,2 months ,45 Thousand,5,Flat,"E-11/2, E-11",600,2,2,https://www.prop.pk/property/details-21557162.html
550,2 months ,21 Thousand,,Flat,"E-11/4, E-11",450,1,1,https://www.prop.pk/property/details-21528336.html
551,3 months ,27 Thousand,,Flat,"E-11, Islamabad",500,2,2,https://www.prop.pk/property/details-21257775.html
552,3 months ,25 Thousand,,Flat,"E-11, Islamabad",600,1,1,https://www.prop.pk/property/details-20951910.html
553,3 months ,56 Thousand,,Flat,"Khudadad Heights, E-11/2","1,500",4,4,https://www.prop.pk/property/details-20770010.html
554,4 months ,40 Thousand,,Flat,"E-11, Islamabad","1,600",2,2,https://www.prop.pk/property/details-15738913.html
555,4 months ,25 Thousand,,Flat,"E-11, Islamabad",800,2,2,https://www.prop.pk/property/details-20495361.html
556,4 months ,22 Thousand,,Flat,"E-11, Islamabad",400,1,1,https://www.prop.pk/property/details-20278642.html
557,4 months ,50 Thousand,,Flat,"Khudadad Heights, E-11/2","1,350",2,2,https://www.prop.pk/property/details-20227853.html
558,5 months ,40 Thousand,,Flat,"E-11, Islamabad","2,000",3,4,https://www.prop.pk/property/details-17881049.html
559,5 months ,38 Thousand,,Flat,"E-11, Islamabad","1,800",3,4,https://www.prop.pk/property/details-17881177.html
560,5 months ,35 Thousand,,Flat,"ACE Arcade, E-11",500,1,1,https://www.prop.pk/property/details-20076474.html
561,5 months ,18 Thousand,,Flat,"E-11/3, E-11",400,1,1,https://www.prop.pk/property/details-20075737.html
562,5 months ,18 Thousand,,Flat,"E-11/3, E-11",400,1,1,https://www.prop.pk/property/details-19803926.html
563,More than 6 months ,25 Thousand,,Flat,"E-11/2, E-11",600,,,https://www.prop.pk/property/details-18019750.html
564,More than 6 months ,25 Thousand,,Flat,"E-11/3, E-11",700,2,2,https://www.prop.pk/property/details-1982041.html
